{
   "sysrepos" : {
      "reposID" : {
         "appID"   : "EXAMPLES",
         "typeID"  : "IMAGE",
         "classID" : "PNG",
         "entityID"   : "MP_PNG_OI_10_LOGO"
      },
      "author"         : "SYSPROG",
      "accessPermit"   : ["$PUBLIC"],
      "updatePermit"   : ["$PUBLIC"],
      "checkedOut"     : "0",
      "colorKey"       : "-5",
      "description"    : [],
      "document"       : [],
      "evaluate"       : "0",
      "evaluateNotes"  : [],
      "imageCount"     : "1",
      "keyword"        : [],
      "logPointer"     : "EXAMPLES*IMAGE*PNG*MP_PNG_OI_10_LOGO*18252.5716898148",
      "module"         : [],
      "pointedAppID"   : [],
      "pointedEntID"   : [],
      "pointerAppID"   : [],
      "pointerEntID"   : [],
      "publishable"    : "1",
      "recompile"      : "",
      "scmpurge"    : "",
      "scmAuthor"  : "",
      "scmCommit"  : "",
      "scmFormat"      : "",
      "scmInclude"     : "",
      "scmPullDt"     : "",
      "scmPushDt"     : "",
      "shareable"      : "1",
      "state"          : "1",
      "subKey"         : [".\\Examples\\Images\\Form Images\\128_OI10Logo.png"],
      "sysBuild"       : "",
      "sysPublish"     : "",
      "title"          : "EXAMPLES*IMAGE*PNG*MP_PNG_128_KEYS",
      "updatedOn"      : "21 DEC 2017 17:13",
      "updatedBy"      : "SYSPROG",
      "usedBy"         : ["EXAMPLES*OIWIN**MP_LOGON",
                          "EXAMPLES*OIWINEXE**MP_LOGON"],
      "uses"           : [],
      "user1"          : [],
      "user2"          : [],
      "user3"          : [],
      "user4"          : [],
      "user5"          : [],
      "user6"          : [],
      "user7"          : [],
      "user8"          : [],
      "user9"          : []
   },
   "sysreposLog" : {
      "logEntries" : [
      ]
   },

   "encoding" : "ansi"
}