{
   "sysrepos" : {
      "reposID" : {
         "appID"   : "EXAMPLES",
         "typeID"  : "IMAGE",
         "classID" : "BMP",
         "entityID"   : "MP3PREVIOUS"
      },
      "author"         : "SYSPROG",
      "accessPermit"   : ["$PUBLIC"],
      "updatePermit"   : ["$PUBLIC"],
      "checkedOut"     : "0",
      "colorKey"       : "-5",
      "description"    : [],
      "document"       : [],
      "evaluate"       : "0",
      "evaluateNotes"  : [],
      "imageCount"     : "1",
      "keyword"        : [],
      "logPointer"     : "",
      "module"         : [],
      "pointedAppID"   : [],
      "pointedEntID"   : [],
      "pointerAppID"   : [],
      "pointerEntID"   : [],
      "publishable"    : "1",
      "recompile"      : "",
      "scmpurge"    : "",
      "scmAuthor"  : "",
      "scmCommit"  : "",
      "scmFormat"      : "",
      "scmInclude"     : "",
      "scmPullDt"     : "",
      "scmPushDt"     : "",
      "shareable"      : "1",
      "state"          : "1",
      "subKey"         : [".\\BMPS\\MP3PREVIOUS.BMP"],
      "sysBuild"       : "",
      "sysPublish"     : "",
      "title"          : "Bitmap entity...",
      "updatedOn"      : "24 SEP 2008 00:00",
      "updatedBy"      : "SYSPROG",
      "usedBy"         : [],
      "uses"           : [],
      "user1"          : [],
      "user2"          : [],
      "user3"          : [],
      "user4"          : [],
      "user5"          : [],
      "user6"          : [],
      "user7"          : [],
      "user8"          : [],
      "user9"          : []
   },
   "sysreposLog" : {
      "logEntries" : [
      ]
   },

   "encoding" : "ansi"
}